BeneficiaryID,first_name,last_name,email,gender,ZipID
1,Linn,McLeod,lmcleod0@ucoz.com,Male,21-075
2,Devin,Sennett,dsennett1@ycombinator.com,Female,
3,Willabella,De Haven,wdehaven2@ihg.com,Female,575 94
4,Natale,Symers,nsymers3@nba.com,Male,
5,Caria,Oby,coby4@sciencedirect.com,Female,
6,Philippe,Neiland,pneiland5@ow.ly,Female,
7,Fax,Breckon,fbreckon6@ameblo.jp,Male,
8,Charlton,Rawstorn,crawstorn7@spotify.com,Male,
9,Teddie,Hutcheon,thutcheon8@creativecommons.org,Male,
10,Binky,Propper,bpropper9@facebook.com,Male,
11,Onfroi,Buist,obuista@scribd.com,Male,732 46
12,Mechelle,McKearnen,mmckearnenb@nifty.com,Female,
13,Malynda,Tomblings,mtomblingsc@howstuffworks.com,Female,
14,Marla,Rodolfi,mrodolfid@upenn.edu,Female,7119
15,Astrid,Sofe,asofee@photobucket.com,Female,
16,Katine,Nicklin,knicklinf@hud.gov,Female,27415
17,Herve,Mudle,hmudleg@google.ru,Male,
18,Farly,Ford,ffordh@msu.edu,Male,4990-565
19,Eulalie,Reach,ereachi@ted.com,Female,69000-000
20,Colver,Jore,cjorej@sfgate.com,Male,
21,Bartholomeo,O'Quin,boquink@php.net,Male,
22,Edan,Stoneman,estonemanl@microsoft.com,Male,694030
23,Farley,Bygrave,fbygravem@hud.gov,Male,
24,Terrence,Greydon,tgreydonn@ning.com,Male,
25,Halsy,Corns,hcornso@ow.ly,Male,6504
26,Torrance,Balbeck,tbalbeckp@bbb.org,Male,67150
27,Tanitansy,Letson,tletsonq@sbwire.com,Female,
28,Alma,Moyle,amoyler@histats.com,Female,
29,Karon,Booth,kbooths@toplist.cz,Female,
30,Natasha,Speake,nspeaket@diigo.com,Female,889-1912
31,Sherlocke,Feaveryear,sfeaveryearu@slideshare.net,Male,91154 CEDEX
32,Ivie,Lune,ilunev@skype.com,Female,
33,Kendra,Ondrousek,kondrousekw@huffingtonpost.com,Female,
34,Winfred,Wingeatt,wwingeattx@accuweather.com,Male,2283
35,Janifer,Sponton,jspontony@addthis.com,Female,19001
36,Abbey,Vigrass,avigrassz@ask.com,Male,6721
37,Fanchon,Maly,fmaly10@dailymotion.com,Female,
38,Manuel,Longman,mlongman11@nba.com,Male,
39,Giorgia,Bossel,gbossel12@java.com,Female,443096
40,Eldon,Lattimer,elattimer13@dmoz.org,Male,157510
41,Shae,Hamber,shamber14@webmd.com,Female,6503
42,Selle,Langlois,slanglois15@japanpost.jp,Female,
43,Dalila,Alyoshin,dalyoshin16@addthis.com,Female,
44,Kerr,Dossett,kdossett17@loc.gov,Male,
45,Celestyna,Reason,creason18@is.gd,Female,26010
46,Milissent,Rodgier,mrodgier19@naver.com,Female,6006
47,Leontyne,Dally,ldally1a@nps.gov,Female,
48,Ramona,Bishop,rbishop1b@theatlantic.com,Female,
49,Brendon,Dutson,bdutson1c@sina.com.cn,Male,
50,Temp,Gibke,tgibke1d@senate.gov,Male,85708 CEDEX
51,Emmit,Fligg,efligg1e@answers.com,Male,618235
52,Norman,Iffland,niffland1f@t-online.de,Male,
53,Ewen,Biffin,ebiffin1g@tripadvisor.com,Male,32251
54,Stillmann,Ather,sather1h@trellian.com,Male,
55,Devlin,Camble,dcamble1i@google.fr,Male,673550
56,Janka,Gorry,jgorry1j@nhs.uk,Female,
57,Rob,Reach,rreach1k@freewebs.com,Male,2509
58,Hope,Marshal,hmarshal1l@google.pl,Female,
59,Renie,Banks,rbanks1m@imdb.com,Female,
60,Purcell,Gage,pgage1n@topsy.com,Male,
61,Adele,Garbert,agarbert1o@cdbaby.com,Female,21-080
62,Wendi,Kirdsch,wkirdsch1p@wired.com,Female,1236
63,Everard,McCrachen,emccrachen1q@ebay.com,Male,36-221
64,Ryun,Oaker,roaker1r@yellowpages.com,Male,70183
65,Sidoney,Yurshev,syurshev1s@zdnet.com,Female,
66,Verene,Playden,vplayden1t@google.fr,Female,
67,Westbrook,Hancorn,whancorn1u@berkeley.edu,Male,561 61
68,Delmar,Hamley,dhamley1v@businessinsider.com,Male,3311
69,Asa,Flindall,aflindall1w@statcounter.com,Male,
70,Filip,Bloodworthe,fbloodworthe1x@facebook.com,Male,
71,Courtnay,Peerless,cpeerless1y@hostgator.com,Male,
72,Finlay,Churchyard,fchurchyard1z@nature.com,Male,T7A
73,Peggi,Hadland,phadland20@webeden.co.uk,Female,75032 CEDEX 01
74,Bartlett,Lowthian,blowthian21@blogspot.com,Male,
75,Carie,Ramsden,cramsden22@prlog.org,Female,G6B
76,Frances,Skipton,fskipton23@cbc.ca,Female,
77,Claudio,Curtain,ccurtain24@weather.com,Male,2414
78,Rafaelia,Willoughey,rwilloughey25@ox.ac.uk,Female,
79,Lucien,Biskupek,lbiskupek26@stanford.edu,Male,
80,Francis,Gloster,fgloster27@naver.com,Male,
81,Heidie,Reid,hreid28@nydailynews.com,Female,1237
82,Tybalt,Stoacley,tstoacley29@360.cn,Male,
83,Odette,Pighills,opighills2a@google.ca,Female,64058 CEDEX 9
84,Odelle,Klemenz,oklemenz2b@gmpg.org,Female,
85,Warden,Ellings,wellings2c@google.com.hk,Male,11004
86,Dorie,Pittendreigh,dpittendreigh2d@com.com,Male,
87,Amalie,Guttridge,aguttridge2e@so-net.ne.jp,Female,
88,Trevor,Hammor,thammor2f@icq.com,Male,
89,Dennis,Steele,dsteele2g@yahoo.co.jp,Male,
90,Carley,Robertet,crobertet2h@webnode.com,Female,554 46
91,Jamie,Northeast,jnortheast2i@surveymonkey.com,Male,6043
92,Stacia,How,show2j@goodreads.com,Female,
93,Doralia,Bradneck,dbradneck2k@sphinn.com,Female,347350
94,Cordelia,Board,cboard2l@shinystat.com,Female,21-110
95,Bliss,Di Biagio,bdibiagio2m@imdb.com,Female,62-817
96,Claudia,McIlmorow,cmcilmorow2n@ebay.co.uk,Female,307156
97,Addison,Belford,abelford2o@last.fm,Male,452696
98,Van,Bilsborrow,vbilsborrow2p@alibaba.com,Female,
99,Lynea,Peebles,lpeebles2q@nbcnews.com,Female,
100,Fabien,Bolderson,fbolderson2r@opensource.org,Male,
101,Marty,Pember,mpember2s@about.com,Male,9221
102,Alvera,Maraga,amaraga2t@home.pl,Female,
103,Amalita,Matthai,amatthai2u@amazon.com,Female,
104,Demetrius,Pranger,dpranger2v@bloglovin.com,Male,
105,Rafaelita,Delle,rdelle2w@loc.gov,Female,5402
106,Aldis,Yukhnov,ayukhnov2x@wordpress.org,Male,
107,Salome,Planke,splanke2y@technorati.com,Female,
108,Etta,Forgie,eforgie2z@i2i.jp,Female,664 55
109,Aubrie,Wigin,awigin30@nymag.com,Female,
110,Hailee,Quartly,hquartly31@naver.com,Female,20160
111,Karrie,Izhakov,kizhakov32@homestead.com,Female,
112,Yurik,Westby,ywestby33@fema.gov,Male,
113,Lara,MacGall,lmacgall34@drupal.org,Female,
114,Link,Yanuk,lyanuk35@1und1.de,Male,
115,Alic,Pedrielli,apedrielli36@51.la,Male,
116,Mia,Hayes,mhayes37@tamu.edu,Female,
117,Hillery,Swann,hswann38@google.pl,Male,
118,Franklyn,Cronshaw,fcronshaw39@ifeng.com,Male,
119,Jesse,Needham,jneedham3a@a8.net,Female,
120,Benita,Bell,bbell3b@cnbc.com,Female,88519
121,Briny,Basili,bbasili3c@about.me,Female,
122,Cleve,Hakonsen,chakonsen3d@tamu.edu,Male,28020
123,Jeff,Horlock,jhorlock3e@columbia.edu,Male,39610-000
124,Kessia,Sudron,ksudron3f@independent.co.uk,Female,91982 CEDEX 9
125,Hanson,Whaymand,hwhaymand3g@tmall.com,Male,
126,Federico,Cumberbatch,fcumberbatch3h@com.com,Male,
127,Selene,Tart,start3i@privacy.gov.au,Female,
128,Chandal,Antonat,cantonat3j@eepurl.com,Female,18170-000
129,Cristin,Haire,chaire3k@jalbum.net,Female,
130,Grace,Teesdale,gteesdale3l@moonfruit.com,Male,601642
131,Willie,Harwood,wharwood3m@phpbb.com,Female,
132,Marietta,Redihough,mredihough3n@cam.ac.uk,Male,80141
133,Vale,Delort,vdelort3o@friendfeed.com,Male,
134,Foss,Haggart,fhaggart3p@livejournal.com,Male,
135,Edmund,Acome,eacome3q@stumbleupon.com,Male,
136,Haskell,Pitone,hpitone3r@photobucket.com,Male,665081
137,Julietta,Wenderott,jwenderott3s@barnesandnoble.com,Female,
138,Levi,Wickman,lwickman3t@google.co.jp,Male,J8Y
139,Parry,Dorgon,pdorgon3u@purevolume.com,Male,
140,Devin,Peirazzi,dpeirazzi3v@cnet.com,Female,461149
141,Elliott,Guswell,eguswell3w@va.gov,Male,181 00
142,Emmerich,Langton,elangton3x@de.vu,Male,334 52
143,Devi,Polley,dpolley3y@huffingtonpost.com,Female,307156
144,Amaleta,Dasent,adasent3z@cisco.com,Female,
145,Marjy,McDougall,mmcdougall40@seesaa.net,Female,
146,Paolina,Masding,pmasding41@xing.com,Female,K78
147,Zelda,Mantle,zmantle42@vimeo.com,Female,
148,Godfree,Salisbury,gsalisbury43@mac.com,Male,
149,Marji,Adamiec,madamiec44@gizmodo.com,Female,
150,Sean,Hull,shull45@columbia.edu,Male,175 54
151,Tudor,Slyde,tslyde46@feedburner.com,Male,62-056
152,Minor,Alcock,malcock47@51.la,Male,
153,Andrew,Croster,acroster48@woothemes.com,Male,379-2314
154,Cristen,Barens,cbarens49@furl.net,Female,74704 CEDEX
155,Mahalia,Farnaby,mfarnaby4a@usatoday.com,Female,
156,Derick,O'Cahey,docahey4b@admin.ch,Male,
157,Irvin,Palffy,ipalffy4c@wiley.com,Male,
158,Angel,Dowles,adowles4d@princeton.edu,Male,993-0031
159,Antonin,Groll,agroll4e@google.de,Male,72768
160,Lorry,Roeby,lroeby4f@bigcartel.com,Male,66105
161,Adrien,Tampion,atampion4g@com.com,Male,
162,Alana,Spritt,aspritt4h@wikimedia.org,Female,
163,Kelwin,Mc Combe,kmccombe4i@webnode.com,Male,55-042
164,Lucho,Saller,lsaller4j@sohu.com,Male,35435 CEDEX
165,Gamaliel,Davenall,gdavenall4k@apache.org,Male,21-411
166,Bertine,Goldsbury,bgoldsbury4l@mozilla.org,Female,
167,Ertha,Kembry,ekembry4m@woothemes.com,Female,
168,Elysha,Toman,etoman4n@reverbnation.com,Female,2438
169,Othello,Pont,opont4o@twitter.com,Male,429500
170,Ermanno,Poxson,epoxson4p@multiply.com,Male,3913
171,Jules,Bortolini,jbortolini4q@illinois.edu,Male,
172,Holly,Baudet,hbaudet4r@amazon.com,Female,410501
173,Rhys,Millsom,rmillsom4s@sciencedaily.com,Male,
174,Stacia,Poolman,spoolman4t@fotki.com,Female,347014
175,Loise,Kosiada,lkosiada4u@bloglines.com,Female,A85
176,Kristien,Aldins,kaldins4v@sakura.ne.jp,Female,34479
177,Arleyne,Proschek,aproschek4w@sciencedirect.com,Female,278018
178,Trent,Baldin,tbaldin4x@gmpg.org,Male,191569
179,Reece,Bartaletti,rbartaletti4y@webmd.com,Male,2824
180,Claiborne,Garrit,cgarrit4z@cbc.ca,Male,3516
181,Trever,Middlebrook,tmiddlebrook50@nationalgeographic.com,Male,63-810
182,Brittany,Clemerson,bclemerson51@amazon.com,Female,44200
183,Zilvia,Collings,zcollings52@tripadvisor.com,Female,
184,Beltran,Smurfitt,bsmurfitt53@mit.edu,Male,
185,Butch,Hedger,bhedger54@hostgator.com,Male,D04
186,Yulma,Yakebovich,yyakebovich55@e-recht24.de,Male,5473
187,Ad,Bartlam,abartlam56@pbs.org,Male,
188,Cordula,Wardale,cwardale57@umn.edu,Female,68064 CEDEX 3
189,Sheffield,Wemm,swemm58@addtoany.com,Male,
190,Melba,Jaye,mjaye59@netlog.com,Female,5004
191,Justus,Molian,jmolian5a@imdb.com,Male,4600
192,Binky,Carlens,bcarlens5b@omniture.com,Male,34-105
193,Lind,Hughesdon,lhughesdon5c@blog.com,Female,582 31
194,Tracee,Fantin,tfantin5d@weather.com,Female,
195,Doris,Haulkham,dhaulkham5e@tripadvisor.com,Female,
196,Woodman,Cutbirth,wcutbirth5f@cafepress.com,Male,
197,Ludovico,Degue,ldegue5g@youku.com,Male,
198,Lyell,Sheardown,lsheardown5h@shinystat.com,Male,63-910
199,Tonia,Meacher,tmeacher5i@state.gov,Female,183 83
200,Herschel,Zorzoni,hzorzoni5j@ask.com,Male,
201,Christabel,Rosenstengel,crosenstengel5k@state.tx.us,Female,32-640
202,Marcy,Awde,mawde5l@sohu.com,Female,
203,Waite,Kenton,wkenton5m@mapquest.com,Male,9660
204,Estella,Filipowicz,efilipowicz5n@constantcontact.com,Female,738 23
205,Arabelle,Elgar,aelgar5o@cbc.ca,Female,
206,Wells,Odams,wodams5p@thetimes.co.uk,Male,J6E
207,Wendeline,Chrichton,wchrichton5q@umich.edu,Female,27260
208,Chevalier,Clace,cclace5r@illinois.edu,Male,4008
209,Gena,Igonet,gigonet5s@forbes.com,Female,T1C
210,Ariana,Reinard,areinard5t@ebay.co.uk,Female,
211,Hobart,Brydson,hbrydson5u@youtube.com,Male,87300-000
212,Brandi,Longson,blongson5v@auda.org.au,Female,
213,Sioux,Gligoraci,sgligoraci5w@cbc.ca,Female,50000-000
214,Wallie,Jannasch,wjannasch5x@hao123.com,Male,
215,Carmina,Filyashin,cfilyashin5y@networkadvertising.org,Female,20566
216,Lolly,Spikings,lspikings5z@home.pl,Female,301735
217,Allene,McGarrity,amcgarrity60@earthlink.net,Female,623462
218,Rheba,Brettle,rbrettle61@craigslist.org,Female,66286
219,Mohammed,L'Archer,mlarcher62@archive.org,Male,39960-000
220,Carin,Ditt,cditt63@google.nl,Female,246 43
221,Brady,Evitts,bevitts64@bravesites.com,Male,38-471
222,Susannah,Perton,sperton65@rakuten.co.jp,Female,
223,Cesya,Osgodby,cosgodby66@businesswire.com,Female,
224,Talya,Blundin,tblundin67@homestead.com,Female,
225,Artus,Galea,agalea68@bloglovin.com,Male,8138
226,Blisse,Burkert,bburkert69@cbc.ca,Female,
227,Sissy,Puckham,spuckham6a@comcast.net,Female,
228,Oralia,Spilsted,ospilsted6b@naver.com,Female,
229,Paddie,Boatwright,pboatwright6c@cornell.edu,Male,
230,Markus,Buterton,mbuterton6d@cam.ac.uk,Male,
231,Adriena,Blouet,ablouet6e@apache.org,Female,
232,Mikey,Buckbee,mbuckbee6f@biglobe.ne.jp,Male,
233,Jinny,Hillock,jhillock6g@home.pl,Female,196625
234,Booth,Brazel,bbrazel6h@newsvine.com,Male,368044
235,Augustine,Edwin,aedwin6i@moonfruit.com,Female,4730-010
236,Cirilo,Jeffels,cjeffels6j@shop-pro.jp,Male,
237,Terri,Warne,twarne6k@loc.gov,Female,
238,Syman,Osborn,sosborn6l@ihg.com,Male,
239,Caralie,Bulfoy,cbulfoy6m@symantec.com,Female,
240,Demott,Bamblett,dbamblett6n@ted.com,Male,
241,Nye,Leeburn,nleeburn6o@aol.com,Male,
242,Simonette,Tamsett,stamsett6p@lulu.com,Female,
243,Drud,Huggon,dhuggon6q@discovery.com,Male,
244,Ferdy,Sydney,fsydney6r@walmart.com,Male,801
245,Sim,Blincko,sblincko6s@addtoany.com,Male,
246,Seth,Boulter,sboulter6t@imageshack.us,Male,523068
247,Nixie,Bevir,nbevir6u@craigslist.org,Female,S6W
248,Loralee,Maultby,lmaultby6v@networksolutions.com,Female,N3T
249,Reyna,Pero,rpero6w@addthis.com,Female,
250,Aurelea,Dansey,adansey6x@wisc.edu,Female,
251,Witty,Feedome,wfeedome6y@discovery.com,Male,
252,Hestia,O'Carroll,hocarroll6z@cbslocal.com,Female,
253,Emelda,Jonsson,ejonsson70@drupal.org,Female,4894
254,Seumas,Stigell,sstigell71@europa.eu,Male,
255,Juana,Aitken,jaitken72@yandex.ru,Female,1126
256,Wolfie,Mears,wmears73@un.org,Male,20190
257,Arnaldo,Basford,abasford74@i2i.jp,Male,
258,Bertrando,Baudouin,bbaudouin75@webs.com,Male,
259,Hi,Stoven,hstoven76@cbsnews.com,Male,300971
260,Ralf,Rhymes,rrhymes77@comsenz.com,Male,624170
261,Delmor,Kinver,dkinver78@wikipedia.org,Male,
262,Bryna,Overlow,boverlow79@free.fr,Female,
263,Madonna,Blinco,mblinco7a@digg.com,Female,
264,Mellisent,Pateman,mpateman7b@bizjournals.com,Female,7024
265,Orlando,Kitman,okitman7c@smugmug.com,Male,461 42
266,Sonny,Kerby,skerby7d@intel.com,Male,45000
267,Derry,Chave,dchave7e@newsvine.com,Male,473008
268,Cleopatra,Addams,caddams7f@hibu.com,Female,45310
269,Romy,McMillan,rmcmillan7g@bravesites.com,Female,
270,Cindelyn,Wyldish,cwyldish7h@weebly.com,Female,
271,Ignazio,Beagrie,ibeagrie7i@posterous.com,Male,
272,Cleo,Bilbie,cbilbie7j@goodreads.com,Female,4760-743
273,Lyn,Larraway,llarraway7k@google.ca,Male,1230
274,Zorana,MacVagh,zmacvagh7l@wunderground.com,Female,634510
275,Bernetta,Hamlet,bhamlet7m@nifty.com,Female,
276,Cad,Ponsford,cponsford7n@weather.com,Male,
277,Leona,Moyles,lmoyles7o@marketwatch.com,Female,5044
278,Corabella,Gillebert,cgillebert7p@state.gov,Female,
279,Sol,Adney,sadney7q@desdev.cn,Male,
280,Palmer,Rusk,prusk7r@dot.gov,Male,
281,Steffi,Stobart,sstobart7s@altervista.org,Female,
282,Alfonso,Greene,agreene7t@plala.or.jp,Male,
283,Lory,Tuft,ltuft7u@eepurl.com,Female,78390-000
284,Mariam,Chatwin,mchatwin7v@free.fr,Female,89888
285,Pamella,Murphy,pmurphy7w@tiny.cc,Female,
286,Brent,Edgcombe,bedgcombe7x@cocolog-nifty.com,Male,6160-402
287,Ursuline,Walkden,uwalkden7y@senate.gov,Female,
288,Rebbecca,Miall,rmiall7z@livejournal.com,Female,
289,Ivette,Patis,ipatis80@ftc.gov,Female,
290,Doralynn,Arnet,darnet81@cloudflare.com,Female,
291,Nellie,Aingel,naingel82@irs.gov,Female,88870-000
292,My,Esparza,mesparza83@soundcloud.com,Male,R95
293,Augustin,Philippon,aphilippon84@t.co,Male,23120
294,Caleb,Stoddart,cstoddart85@addthis.com,Male,
295,Euell,Menico,emenico86@ow.ly,Male,63-505
296,Siobhan,Trundell,strundell87@tmall.com,Female,
297,Rafaellle,Witherop,rwitherop88@noaa.gov,Male,42164 CEDEX
298,Sherm,Roscamp,sroscamp89@webeden.co.uk,Male,4580-630
299,Sid,Ellaman,sellaman8a@studiopress.com,Male,
300,Suki,Juliano,sjuliano8b@eventbrite.com,Female,
301,Forester,Raywood,fraywood8c@hibu.com,Male,
302,Bellanca,Brecon,bbrecon8d@who.int,Female,6042
303,Nadeen,Mosedall,nmosedall8e@google.es,Female,
304,Winnifred,Harmes,wharmes8f@studiopress.com,Female,2733
305,Ramsay,Concannon,rconcannon8g@php.net,Male,
306,Clarine,Boutton,cboutton8h@netvibes.com,Female,L-5659
307,Lani,Gehrts,lgehrts8i@slideshare.net,Female,10131
308,Noe,Maclaine,nmaclaine8j@hubpages.com,Male,02004 CEDEX
309,Lucine,Corain,lcorain8k@parallels.com,Female,
310,Georg,Adamson,gadamson8l@wsj.com,Male,794-2550
311,Marcellus,Sallis,msallis8m@i2i.jp,Male,
312,Wenonah,Klauber,wklauber8n@gmpg.org,Female,17184 CEDEX
313,Elton,Bliben,ebliben8o@netscape.com,Male,79977
314,Hadleigh,Feore,hfeore8p@imageshack.us,Male,
315,Ofella,Senett,osenett8q@youtube.com,Female,
316,Channa,Drayn,cdrayn8r@free.fr,Female,
317,Morgun,Bernhardi,mbernhardi8s@tiny.cc,Male,2680-423
318,Dorree,Skelhorn,dskelhorn8t@virginia.edu,Female,
319,Shelton,Red,sred8u@cdbaby.com,Male,76210
320,Helyn,Renard,hrenard8v@fotki.com,Female,
321,Asher,Dewan,adewan8w@statcounter.com,Male,23-231
322,Rosmunda,Howgego,rhowgego8x@csmonitor.com,Female,301439
323,Dewie,Daveran,ddaveran8y@surveymonkey.com,Male,
324,Trix,Lockitt,tlockitt8z@npr.org,Female,10582
325,Carmon,Bennet,cbennet90@narod.ru,Female,13617 CEDEX 1
326,Bamby,Beteriss,bbeteriss91@engadget.com,Female,
327,Stillmann,Doughty,sdoughty92@so-net.ne.jp,Male,
328,Stace,Haughton,shaughton93@wufoo.com,Female,84-208
329,Tammi,Rudall,trudall94@furl.net,Female,791 75
330,Kippy,Schrader,kschrader95@java.com,Male,
331,Jaclyn,Crangle,jcrangle96@samsung.com,Female,
332,Denni,Hughs,dhughs97@sogou.com,Female,B3T
333,Callean,Coy,ccoy98@smugmug.com,Male,7904
334,Joannes,Noakes,jnoakes99@exblog.jp,Female,
335,Dunn,Brabin,dbrabin9a@pcworld.com,Male,
336,Sondra,Holdron,sholdron9b@mysql.com,Female,
337,Arlan,Hatherell,ahatherell9c@gravatar.com,Male,21-065
338,Nerissa,Corroyer,ncorroyer9d@sfgate.com,Female,
339,Si,Tokley,stokley9e@acquirethisname.com,Male,
340,Teodoro,Rydzynski,trydzynski9f@fc2.com,Male,412 62
341,Renie,Geist,rgeist9g@time.com,Female,
342,Johann,Stienton,jstienton9h@japanpost.jp,Male,
343,Cleavland,Hamlen,chamlen9i@ustream.tv,Male,
344,Norman,Butterfill,nbutterfill9j@wufoo.com,Male,95100
345,Travis,Klement,tklement9k@issuu.com,Male,90398
346,Bradly,Denidge,bdenidge9l@baidu.com,Male,
347,Rance,Pearce,rpearce9m@nature.com,Male,302 50
348,Tabb,Rizzardi,trizzardi9n@unicef.org,Male,74900-000
349,Libbi,Barkess,lbarkess9o@facebook.com,Female,
350,York,Godlee,ygodlee9p@yelp.com,Male,
351,Thorstein,Baswall,tbaswall9q@europa.eu,Male,10508
352,Yevette,Suddick,ysuddick9r@uiuc.edu,Female,142817
353,Flem,Tolfrey,ftolfrey9s@unc.edu,Male,
354,Nicko,Harbage,nharbage9t@answers.com,Male,
355,Waldo,Rogans,wrogans9u@netscape.com,Male,
356,Rollins,Whitty,rwhitty9v@comsenz.com,Male,301767
357,Claudell,Fairn,cfairn9w@phpbb.com,Male,2283
358,Goldie,Konertz,gkonertz9x@oaic.gov.au,Female,
359,Marysa,Tomlett,mtomlett9y@fda.gov,Female,
360,Danette,Goodlatt,dgoodlatt9z@ox.ac.uk,Female,70183
361,Waylin,Josefowicz,wjosefowicza0@wufoo.com,Male,
362,Diannne,Cosslett,dcossletta1@livejournal.com,Female,4194
363,Gayle,Baudasso,gbaudassoa2@hibu.com,Male,26930
364,Leesa,Keeping,lkeepinga3@pcworld.com,Female,7052
365,Lira,Olwen,lolwena4@admin.ch,Female,64000-000
366,Maxi,Moxsom,mmoxsoma5@wsj.com,Female,7114
367,James,Jewell,jjewella6@spotify.com,Male,
368,Timoteo,Siss,tsissa7@myspace.com,Male,
369,Meridel,Mcmanaman,mmcmanamana8@dedecms.com,Female,668414
370,Robinia,Lamke,rlamkea9@cbslocal.com,Female,
371,Marlyn,Klich,mklichaa@unesco.org,Female,
372,Nicolis,Casaccia,ncasacciaab@amazonaws.com,Male,4905-515
373,Rhodia,Oldham,roldhamac@topsy.com,Female,F94
374,Rustie,Curson,rcursonad@mapquest.com,Male,
375,Aldrich,Rapi,arapiae@statcounter.com,Male,
376,Ag,Phuprate,aphuprateaf@yellowbook.com,Female,
377,Horatio,Duigan,hduiganag@prweb.com,Male,522 24
378,Nessi,Brithman,nbrithmanah@friendfeed.com,Female,
379,Nora,Gomes,ngomesai@pen.io,Female,403800
380,Tommie,Croot,tcrootaj@fda.gov,Female,763 33
381,Eadith,Gofford,egoffordak@symantec.com,Female,
382,Courtney,Glasscoo,cglasscooal@hexun.com,Female,
383,Charissa,Creaven,ccreavenam@earthlink.net,Female,
384,Maisie,Skouling,mskoulingan@ted.com,Female,981-3311
385,Alphonso,Fagge,afaggeao@ebay.com,Male,
386,Josey,Frounks,jfrounksap@phoca.cz,Female,2430-632
387,Haroun,Worpole,hworpoleaq@topsy.com,Male,53716
388,Dolly,Sinyard,dsinyardar@tmall.com,Female,
389,Gwyneth,Loiterton,gloitertonas@theguardian.com,Female,
390,Raquel,Amsden,ramsdenat@facebook.com,Female,
391,Pansie,Way,pwayau@washingtonpost.com,Female,83-120
392,Karlis,Uzielli,kuzielliav@myspace.com,Male,
393,Hube,Riddle,hriddleaw@newsvine.com,Male,J7X
394,Leandra,Axcell,laxcellax@oaic.gov.au,Female,44409 CEDEX
395,Izaak,Strain,istrainay@prweb.com,Male,
396,Maegan,Pierton,mpiertonaz@uiuc.edu,Female,
397,Robbyn,Merring,rmerringb0@newyorker.com,Female,
398,Gayle,Karpushkin,gkarpushkinb1@noaa.gov,Male,
399,Alyss,Raittie,araittieb2@behance.net,Female,87395
400,Ermina,Aizkovitch,eaizkovitchb3@hao123.com,Female,
401,Alberto,Doley,adoleyb4@friendfeed.com,Male,
402,Gareth,Lovelock,glovelockb5@buzzfeed.com,Male,
403,Duffie,Zanassi,dzanassib6@hud.gov,Male,
404,Tomaso,Gisburne,tgisburneb7@rakuten.co.jp,Male,3520-031
405,Cordelia,Gieraths,cgierathsb8@ucoz.com,Female,55570-000
406,Bryana,Gibard,bgibardb9@livejournal.com,Female,
407,Earle,Vinall,evinallba@admin.ch,Male,
408,Bathsheba,Stollenwerck,bstollenwerckbb@sohu.com,Female,346530
409,Delainey,Allday,dalldaybc@wix.com,Male,
410,Tudor,Treadwell,ttreadwellbd@usda.gov,Male,
411,Olivero,Fitzsimmons,ofitzsimmonsbe@hao123.com,Male,6537
412,Minny,Graeser,mgraeserbf@wikia.com,Female,4508
413,Camala,Berger,cbergerbg@twitter.com,Female,
414,Karola,Beever,kbeeverbh@dailymotion.com,Female,
415,Nissa,Montel,nmontelbi@webs.com,Female,
416,Osmund,Climer,oclimerbj@ow.ly,Male,
417,Reinhard,Hartegan,rharteganbk@symantec.com,Male,76152 CEDEX
418,Jaquith,Boichat,jboichatbl@clickbank.net,Female,
419,Hesther,Vela,hvelabm@huffingtonpost.com,Female,
420,Tandie,Pratt,tprattbn@japanpost.jp,Female,
421,Nessa,Commuzzo,ncommuzzobo@bloglines.com,Female,
422,Monte,Mayow,mmayowbp@tmall.com,Male,188502
423,Liva,Dey,ldeybq@nba.com,Female,
424,Hanan,Wyd,hwydbr@mlb.com,Male,1253
425,Casi,Jenkins,cjenkinsbs@utexas.edu,Female,
426,Verna,MacCart,vmaccartbt@feedburner.com,Female,
427,Prudy,Dominguez,pdominguezbu@about.me,Female,
428,Olva,Knevet,oknevetbv@wsj.com,Female,21290
429,August,Foxen,afoxenbw@imageshack.us,Male,38051 CEDEX 9
430,Jacenta,Scurfield,jscurfieldbx@etsy.com,Female,5212
431,Nell,Helling,nhellingby@irs.gov,Female,
432,Miltie,Davio,mdaviobz@symantec.com,Male,
433,Cody,Schistl,cschistlc0@imgur.com,Male,
434,Ezequiel,Outerbridge,eouterbridgec1@engadget.com,Male,
435,Jesselyn,Stockhill,jstockhillc2@businesswire.com,Female,
436,Urbain,Boliver,uboliverc3@multiply.com,Male,677904
437,Tait,Le Estut,tleestutc4@google.nl,Male,
438,Woodman,Dassindale,wdassindalec5@wordpress.org,Male,
439,Delinda,Proom,dproomc6@unesco.org,Female,54140
440,Beck,Makin,bmakinc7@weibo.com,Male,
441,Derek,Blooman,dbloomanc8@macromedia.com,Male,
442,Luciana,Foxton,lfoxtonc9@facebook.com,Female,
443,Kipper,Peacock,kpeacockca@pbs.org,Male,
444,Madelina,Tabb,mtabbcb@flickr.com,Female,2370
445,Willdon,Veld,wveldcc@csmonitor.com,Male,
446,Celine,McInteer,cmcinteercd@1und1.de,Female,
447,Elayne,Dare,edarece@shop-pro.jp,Female,46900-000
448,Moore,Bannell,mbannellcf@pbs.org,Male,393194
449,Blakeley,Marple,bmarplecg@is.gd,Female,
450,Tiffanie,Brellin,tbrellinch@purevolume.com,Female,
451,Zebulon,d' Eye,zdeyeci@bluehost.com,Male,
452,Christian,Bremley,cbremleycj@ycombinator.com,Male,21252
453,Mabel,Iamittii,miamittiick@google.cn,Female,
454,Art,Askem,aaskemcl@java.com,Male,37-522
455,Wolfgang,Mowat,wmowatcm@senate.gov,Male,601423
456,Itch,Kilban,ikilbancn@answers.com,Male,
457,Rosanne,Simonetto,rsimonettoco@so-net.ne.jp,Female,8004
458,Dulci,Darville,ddarvillecp@ameblo.jp,Female,601803
459,Eberhard,Norley,enorleycq@huffingtonpost.com,Male,11700-000
460,Carleton,Grist,cgristcr@comsenz.com,Male,
461,Davey,Gianotti,dgianottics@slashdot.org,Male,
462,Had,Nissle,hnisslect@topsy.com,Male,
463,Price,Megson,pmegsoncu@dagondesign.com,Male,45922 CEDEX 9
464,Broderic,Sly,bslycv@ovh.net,Male,
465,Leonardo,Spadari,lspadaricw@wsj.com,Male,1556
466,Lindsay,Bunce,lbuncecx@is.gd,Female,
467,Shayla,Sholl,sshollcy@wunderground.com,Female,2970-182
468,Mariann,Dreschler,mdreschlercz@reuters.com,Female,
469,Salvatore,Lavallin,slavallind0@networksolutions.com,Male,7104
470,Gare,Sauniere,gsauniered1@unesco.org,Male,
471,Edin,Thirtle,ethirtled2@wp.com,Female,
472,Bordie,Eyden,beydend3@cdc.gov,Male,
473,Fran,Carnew,fcarnewd4@mtv.com,Female,4805-223
474,Monte,MacCaull,mmaccaulld5@qq.com,Male,
475,Lizzy,Seamer,lseamerd6@tmall.com,Female,13293 CEDEX 08
476,Corene,Rulton,crultond7@delicious.com,Female,358015
477,Morgen,Wolfinger,mwolfingerd8@xing.com,Female,44-348
478,Igor,Petett,ipetettd9@google.ca,Male,1079
479,Marta,Mattiazzo,mmattiazzoda@usatoday.com,Female,
480,Avram,Tunnacliffe,atunnacliffedb@over-blog.com,Male,
481,Warner,Jerman,wjermandc@1und1.de,Male,2420-005
482,Hinda,De Lorenzo,hdelorenzodd@gmpg.org,Female,
483,Holly,Pearmain,hpearmainde@pagesperso-orange.fr,Female,
484,Emery,McCloud,emcclouddf@prweb.com,Male,
485,Hilary,Kynastone,hkynastonedg@abc.net.au,Female,
486,Abram,Tissiman,atissimandh@xrea.com,Male,76011
487,Anne-corinne,Vereker,averekerdi@businesswire.com,Female,
488,Louie,Riden,lridendj@bbc.co.uk,Male,05-806
489,Tanner,Lorkin,tlorkindk@census.gov,Male,
490,Mitchel,Imison,mimisondl@bandcamp.com,Male,
491,Pippo,Nudds,pnuddsdm@wiley.com,Male,
492,Ad,Tranter,atranterdn@elpais.com,Male,
493,Delores,Baukham,dbaukhamdo@joomla.org,Female,182142
494,Ive,Dollar,idollardp@archive.org,Male,14900-000
495,Mayor,Nottle,mnottledq@vistaprint.com,Male,75139 CEDEX 03
496,Dukie,Glanert,dglanertdr@walmart.com,Male,
497,Codie,Bedward,cbedwardds@tiny.cc,Female,G8J
498,Bessy,Trelevan,btrelevandt@aol.com,Female,MD-6214
499,Jermaine,Pleasaunce,jpleasauncedu@oakley.com,Male,48880-000
500,Umeko,Nise,unisedv@smh.com.au,Female,
501,Nichols,Haywood,nhaywooddw@multiply.com,Male,97620
502,Tony,Fullerton,tfullertondx@scribd.com,Male,46406
503,Beverie,Coleyshaw,bcoleyshawdy@yahoo.co.jp,Female,
504,Kenyon,Tuke,ktukedz@vinaora.com,Male,
505,Reamonn,Godsafe,rgodsafee0@altervista.org,Male,662955
506,Ramonda,Jenkison,rjenkisone1@sciencedaily.com,Female,
507,Octavius,Ruzek,oruzeke2@godaddy.com,Male,
508,Nona,Mursell,nmurselle3@behance.net,Female,
509,Karlotta,Brient,kbriente4@jiathis.com,Female,
510,Harcourt,Spall,hspalle5@mac.com,Male,K8B
511,Sig,Fairfoot,sfairfoote6@weather.com,Male,607676
512,Gypsy,Jagielski,gjagielskie7@soup.io,Female,
513,Orelle,Fatharly,ofatharlye8@1688.com,Female,
514,Nicholle,Hembrow,nhembrowe9@marriott.com,Female,16505
515,Trude,Tegler,tteglerea@jugem.jp,Female,34975 CEDEX
516,Zane,Liebermann,zliebermanneb@tumblr.com,Male,35180
517,Franny,Absalom,fabsalomec@pcworld.com,Female,
518,Noella,Dantesia,ndantesiaed@harvard.edu,Female,
519,Rosemonde,Volleth,rvollethee@patch.com,Female,
520,Hillier,Maceur,hmaceuref@ocn.ne.jp,Male,
521,Hyman,Mewett,hmewetteg@comcast.net,Male,
522,Fons,Chartman,fchartmaneh@4shared.com,Male,37500-000
523,Ediva,Collete,ecolleteei@disqus.com,Female,62930-000
524,Reginald,Geraudy,rgeraudyej@drupal.org,Male,
525,Andria,Muttitt,amuttittek@netlog.com,Female,
526,Cari,Farens,cfarensel@columbia.edu,Female,
527,Jazmin,Bachura,jbachuraem@unicef.org,Female,1885-029
528,Angeli,Dreossi,adreossien@businesswire.com,Male,
529,Zachariah,Skellon,zskelloneo@discuz.net,Male,
530,Ulises,Chatburn,uchatburnep@accuweather.com,Male,
531,Giovanna,Gurwood,ggurwoodeq@businesswire.com,Female,30890
532,Gertrudis,Guitt,gguitter@gnu.org,Female,
533,Elvira,Whitta,ewhittaes@barnesandnoble.com,Female,
534,Marwin,Hryniewicz,mhryniewiczet@dedecms.com,Male,
535,Bianka,Miall,bmialleu@desdev.cn,Female,
536,Orelle,Shawyer,oshawyerev@google.co.jp,Female,
537,Carlyle,Satcher,csatcherew@slideshare.net,Male,8284
538,Keeley,Donavan,kdonavanex@washingtonpost.com,Female,
539,Amargo,Luckwell,aluckwelley@illinois.edu,Female,
540,Liv,Clohissy,lclohissyez@foxnews.com,Female,
541,Vernice,Merit,vmeritf0@weibo.com,Female,
542,Jenelle,Ivashev,jivashevf1@mashable.com,Female,404170
543,Codi,Mosley,cmosleyf2@indiegogo.com,Male,
544,Gerik,Crimes,gcrimesf3@acquirethisname.com,Male,2313
545,Truman,McEntegart,tmcentegartf4@dagondesign.com,Male,
546,Faulkner,Pipes,fpipesf5@telegraph.co.uk,Male,
547,Ebenezer,Grigori,egrigorif6@yellowbook.com,Male,
548,Cleveland,Erridge,cerridgef7@domainmarket.com,Male,83-240
549,Meagan,McCrone,mmccronef8@taobao.com,Female,
550,Creight,Hearn,chearnf9@intel.com,Male,
551,Desiri,Mathelin,dmathelinfa@wiley.com,Female,
552,Aubry,Pedley,apedleyfb@columbia.edu,Female,
553,Prent,Gaskin,pgaskinfc@engadget.com,Male,4228
554,Vernor,MacAleese,vmacaleesefd@hhs.gov,Male,347 01
555,Bianca,Cradick,bcradickfe@wikipedia.org,Female,4690-300
556,Broderick,Petrozzi,bpetrozziff@nature.com,Male,
557,Arabelle,Bernlin,abernlinfg@hp.com,Female,
558,Forest,Ropp,froppfh@wiley.com,Male,
559,Roberto,Filyakov,rfilyakovfi@princeton.edu,Male,
560,Breena,Evanson,bevansonfj@reddit.com,Female,
561,Brad,Dust,bdustfk@oracle.com,Male,996-0087
562,Kristofor,Curd,kcurdfl@oaic.gov.au,Male,
563,Josi,Kitchaside,jkitchasidefm@mac.com,Female,8510
564,Lynelle,Brammar,lbrammarfn@google.com.hk,Female,
565,Mal,Fredi,mfredifo@uol.com.br,Male,
566,Roxana,Lilly,rlillyfp@abc.net.au,Female,142720
567,Georges,Stutard,gstutardfq@oaic.gov.au,Male,353356
568,Bessie,Whiffin,bwhiffinfr@opensource.org,Female,368150
569,Colin,Surr,csurrfs@twitpic.com,Male,95897 CEDEX
570,Alphonse,Izod,aizodft@yahoo.co.jp,Male,2720
571,Jacquelyn,Carrodus,jcarrodusfu@webmd.com,Female,
572,Beverlie,Gummow,bgummowfv@latimes.com,Female,
573,Tarrah,Aronov,taronovfw@cdc.gov,Female,
574,Abby,Lyne,alynefx@cocolog-nifty.com,Male,
575,Karin,Livezley,klivezleyfy@mtv.com,Female,
576,Basilio,Gaudon,bgaudonfz@phpbb.com,Male,
577,Daniela,Edworthie,dedworthieg0@prlog.org,Female,
578,Kurtis,Chansonne,kchansonneg1@seattletimes.com,Male,
579,Justen,Stanes,jstanesg2@ehow.com,Male,9201
580,Tani,Degg,tdeggg3@bloglovin.com,Female,42-310
581,Daffie,Gowans,dgowansg4@nationalgeographic.com,Female,
582,Agneta,Geggie,ageggieg5@mac.com,Female,89359
583,Bartlett,Masarrat,bmasarratg6@cmu.edu,Male,
584,Abra,Aleksic,aaleksicg7@e-recht24.de,Female,
585,Berty,Catonne,bcatonneg8@statcounter.com,Female,
586,Giffy,Jahnisch,gjahnischg9@sfgate.com,Male,8301
587,Ingmar,Side,isidega@g.co,Male,
588,Robinia,Coleyshaw,rcoleyshawgb@gnu.org,Female,
589,Devlen,Luety,dluetygc@addtoany.com,Male,141662
590,Shaun,Gilsthorpe,sgilsthorpegd@buzzfeed.com,Male,
591,Nady,Allan,nallange@nifty.com,Female,
592,Molly,Clowley,mclowleygf@comcast.net,Female,99700-000
593,Tiebout,Hatcher,thatchergg@pagesperso-orange.fr,Male,63-301
594,Karoly,Kendal,kkendalgh@earthlink.net,Female,
595,Minnaminnie,Raeburn,mraeburngi@blogger.com,Female,6306
596,Jillene,McKune,jmckunegj@zimbio.com,Female,
597,Torre,Izaac,tizaacgk@aboutads.info,Male,
598,Elston,Bridgewater,ebridgewatergl@studiopress.com,Male,20420
599,Sibilla,Le Blanc,sleblancgm@google.com,Female,
600,Phillis,Cozins,pcozinsgn@webeden.co.uk,Female,863-2503
601,Nicolina,Baseke,nbasekego@phoca.cz,Female,
602,Barty,Davydychev,bdavydychevgp@huffingtonpost.com,Male,
603,Dickie,Dunlop,ddunlopgq@myspace.com,Male,
604,Kellen,Bartlett,kbartlettgr@businessinsider.com,Male,
605,Keefer,Buttrey,kbuttreygs@virginia.edu,Male,
606,Minnaminnie,Clelland,mclellandgt@yandex.ru,Female,
607,Ursula,Crossman,ucrossmangu@privacy.gov.au,Female,9840
608,Kristyn,Hamby,khambygv@indiegogo.com,Female,2298
609,Alyda,Bjerkan,abjerkangw@ezinearticles.com,Female,114 89
610,Tamra,Hanes,thanesgx@techcrunch.com,Female,
611,Bonita,Odell,bodellgy@angelfire.com,Female,
612,Wanda,Roadnight,wroadnightgz@uiuc.edu,Female,
613,Dorine,Clowser,dclowserh0@comcast.net,Female,
614,Mortie,Fodden,mfoddenh1@naver.com,Male,763 33
615,Matteo,Perett,mperetth2@theatlantic.com,Male,157630
616,Bourke,Nappin,bnappinh3@imdb.com,Male,164 91
617,Delainey,Lampl,dlamplh4@oaic.gov.au,Male,
618,Bertha,Scafe,bscafeh5@unblog.fr,Female,
619,Maurene,Baudacci,mbaudaccih6@fema.gov,Female,826 31
620,Ari,Deane,adeaneh7@bravesites.com,Male,135067
621,Gerry,Eborn,gebornh8@go.com,Female,87018
622,Felicle,Guirard,fguirardh9@berkeley.edu,Female,75280 CEDEX 06
623,Durant,Dent,ddentha@macromedia.com,Male,
624,Karlan,Ship,kshiphb@go.com,Male,
625,Xylia,Giottini,xgiottinihc@hp.com,Female,
626,Rahal,Clousley,rclousleyhd@wordpress.org,Female,
627,Osgood,Stoneham,ostonehamhe@google.com.br,Male,
628,Becky,Ickovici,bickovicihf@123-reg.co.uk,Female,694424
629,Flin,Mazdon,fmazdonhg@blogtalkradio.com,Male,
630,Othelia,Olwen,oolwenhh@fda.gov,Female,38530-000
631,Fernando,Hanbury-Brown,fhanburybrownhi@macromedia.com,Male,
632,Cecile,Sheeres,csheereshj@alexa.com,Female,40000
633,Mercy,Targetter,mtargetterhk@blogger.com,Female,14900-000
634,Mirabelle,Kilshaw,mkilshawhl@dot.gov,Female,
635,Erhard,Braben,ebrabenhm@nationalgeographic.com,Male,95-063
636,Lilian,Spellacey,lspellaceyhn@devhub.com,Female,3830-752
637,Shamus,Rumble,srumbleho@w3.org,Male,
638,Jenda,Duckels,jduckelshp@trellian.com,Female,
639,Nikolaus,Crotty,ncrottyhq@storify.com,Male,366609
640,Flinn,Kendred,fkendredhr@php.net,Male,3509
641,Milt,Tebbs,mtebbshs@dyndns.org,Male,3501
642,Trudey,Robillart,trobillartht@homestead.com,Female,
643,Hester,Muck,hmuckhu@google.de,Female,1219
644,Roger,Huortic,rhuortichv@rediff.com,Male,
645,Peria,Cordon,pcordonhw@arizona.edu,Female,629309
646,Lona,Seavers,lseavershx@nhs.uk,Female,
647,Malia,de Cullip,mdeculliphy@tripod.com,Female,
648,Liane,Mulberry,lmulberryhz@yellowbook.com,Female,815 24
649,Carrol,Chamberlen,cchamberleni0@house.gov,Male,6544
650,Griffith,Schistl,gschistli1@ucsd.edu,Male,87490-000
651,Rodi,Finding,rfindingi2@nasa.gov,Female,
652,Scot,Vaune,svaunei3@desdev.cn,Male,
653,Tony,Fahey,tfaheyi4@fastcompany.com,Male,
654,Toby,Ousby,tousbyi5@nih.gov,Female,
655,Kean,Limer,klimeri6@sohu.com,Male,
656,Heindrick,Osgorby,hosgorbyi7@weather.com,Male,
657,Tierney,Vannucci,tvannuccii8@google.co.jp,Female,
658,Neel,Morter,nmorteri9@studiopress.com,Male,
659,Jervis,Winterscale,jwinterscaleia@craigslist.org,Male,
660,Felicle,Dowears,fdowearsib@bing.com,Female,165500
661,Hy,Duxbarry,hduxbarryic@yellowbook.com,Male,
662,Ashton,Persicke,apersickeid@parallels.com,Male,4620-620
663,Carol,Van der Velden,cvanderveldenie@mapquest.com,Female,3030
664,Deva,Bynold,dbynoldif@cargocollective.com,Female,
665,Paloma,Aleksandrikin,paleksandrikinig@patch.com,Female,4405
666,Marrissa,Haeslier,mhaeslierih@jiathis.com,Female,
667,Renaud,de Merida,rdemeridaii@wired.com,Male,
668,Sidnee,Marrison,smarrisonij@ft.com,Male,
669,Mitchael,Storck,mstorckik@netvibes.com,Male,
670,Winne,Coogan,wcooganil@dyndns.org,Female,
671,Rriocard,Scardefield,rscardefieldim@accuweather.com,Male,62-660
672,Uri,Tatum,utatumin@ycombinator.com,Male,
673,Harv,Worham,hworhamio@walmart.com,Male,6227
674,Hayward,Warry,hwarryip@ezinearticles.com,Male,97471 CEDEX
675,Charla,Heasley,cheasleyiq@vinaora.com,Female,6549
676,Aldous,Whartonby,awhartonbyir@google.ca,Male,17
677,Gui,De Blasiis,gdeblasiisis@fda.gov,Female,
678,Almire,Elbourn,aelbournit@liveinternet.ru,Female,90110
679,Adair,Casoni,acasoniiu@webmd.com,Male,
680,Abramo,Sacase,asacaseiv@tinyurl.com,Male,
681,Jenni,Hulkes,jhulkesiw@feedburner.com,Female,37180
682,Katalin,Curtis,kcurtisix@opensource.org,Female,
683,Gregor,Whittick,gwhittickiy@si.edu,Male,
684,Douglass,Gwinn,dgwinniz@thetimes.co.uk,Male,
685,Maryann,Caught,mcaughtj0@army.mil,Female,
686,Maurizia,Sumpner,msumpnerj1@bloglovin.com,Female,96400-000
687,Neely,Belcham,nbelchamj2@auda.org.au,Female,
688,Gerty,Burlingame,gburlingamej3@over-blog.com,Female,
689,Dillon,Scalia,dscaliaj4@delicious.com,Male,
690,Cary,Tomsa,ctomsaj5@elpais.com,Female,
691,Kim,Mitford,kmitfordj6@nba.com,Female,
692,Arlan,Di Ruggero,adiruggeroj7@businessweek.com,Male,18004
693,Darrelle,Milius,dmiliusj8@noaa.gov,Female,2725-007
694,Morrie,Newvell,mnewvellj9@yahoo.co.jp,Male,95128
695,Reynolds,Dulin,rdulinja@typepad.com,Male,
696,Baxy,Bedwell,bbedwelljb@discuz.net,Male,4808
697,Marillin,Ilyas,milyasjc@goo.gl,Female,
698,Norene,Soppeth,nsoppethjd@ihg.com,Female,2811
699,Iorgos,Roly,irolyje@state.tx.us,Male,
700,Bartlet,Rawling,brawlingjf@mit.edu,Male,95130
701,Dulciana,Cater,dcaterjg@1688.com,Female,59309 CEDEX
702,Merrill,Beels,mbeelsjh@delicious.com,Female,4605-431
703,Benito,Harhoff,bharhoffji@adobe.com,Male,186793
704,Guillaume,Louthe,glouthejj@dropbox.com,Male,
705,Lira,Escofier,lescofierjk@msu.edu,Female,652993
706,Dev,Topliss,dtoplissjl@addtoany.com,Male,
707,Paddie,Bertouloume,pbertouloumejm@ustream.tv,Male,
708,Violante,Dunlap,vdunlapjn@histats.com,Female,
709,Gustav,Gothup,ggothupjo@exblog.jp,Male,
710,Willdon,Brumbye,wbrumbyejp@scientificamerican.com,Male,
711,Jacki,Ding,jdingjq@addtoany.com,Female,33405
712,Osborn,Fripp,ofrippjr@ning.com,Male,43226
713,Rivkah,Mantz,rmantzjs@bbb.org,Female,36120
714,Gideon,Bau,gbaujt@usda.gov,Male,
715,Erda,Bonnier,ebonnierju@hexun.com,Female,
716,Fields,Yarrington,fyarringtonjv@tripadvisor.com,Male,19892
717,Kinny,Cassin,kcassinjw@angelfire.com,Male,1024
718,Debi,Clayson,dclaysonjx@eepurl.com,Female,
719,Baxie,Purser,bpurserjy@4shared.com,Male,
720,Mead,Tame,mtamejz@feedburner.com,Male,
721,Whitaker,Sawney,wsawneyk0@yandex.ru,Male,2580-306
722,Ashley,Gilley,agilleyk1@is.gd,Female,
723,Bob,Iacovino,biacovinok2@dailymail.co.uk,Male,152616
724,Harman,Allwell,hallwellk3@rakuten.co.jp,Male,
725,Xaviera,Mewe,xmewek4@statcounter.com,Female,869-0233
726,Che,Turpey,cturpeyk5@europa.eu,Male,663580
727,Deidre,Wofenden,dwofendenk6@w3.org,Female,
728,Kennan,Stadding,kstaddingk7@craigslist.org,Male,
729,Tisha,Lutwidge,tlutwidgek8@theatlantic.com,Female,
730,Sargent,Estcot,sestcotk9@ted.com,Male,
731,Pepe,Mounsey,pmounseyka@mlb.com,Male,929-1576
732,Birgit,Brackenridge,bbrackenridgekb@cloudflare.com,Female,3540
733,Forrester,Abrahams,fabrahamskc@altervista.org,Male,30028 CEDEX 9
734,Tate,Darthe,tdarthekd@slate.com,Female,
735,Tito,Pincked,tpinckedke@yale.edu,Male,
736,Madison,Fulcher,mfulcherkf@canalblog.com,Male,991-0041
737,Kamillah,Coyne,kcoynekg@google.ca,Female,75910
738,Anallese,Dugmore,adugmorekh@ask.com,Female,644002
739,Francis,Puddifer,fpuddiferki@dmoz.org,Male,5210-105
740,Corrie,Tume,ctumekj@yellowbook.com,Female,953-0062
741,Leanora,Yoell,lyoellkk@spiegel.de,Female,L-9172
742,Thaddus,Sheather,tsheatherkl@google.co.uk,Male,
743,Wilfred,Kydd,wkyddkm@wikispaces.com,Male,
744,Margareta,Twitchings,mtwitchingskn@drupal.org,Female,798 45
745,Giordano,McCrudden,gmccruddenko@moonfruit.com,Male,
746,Pauline,Bellis,pbelliskp@intel.com,Female,10217
747,Manfred,Osborne,mosbornekq@guardian.co.uk,Male,21460
748,Odo,Wood,owoodkr@vinaora.com,Male,415 07
749,Dag,Graybeal,dgraybealks@cargocollective.com,Male,630553
750,Elmer,Hobble,ehobblekt@typepad.com,Male,22-630
751,Jaime,Toppin,jtoppinku@dropbox.com,Male,
752,Even,Durrans,edurranskv@epa.gov,Male,
753,Claudia,Maclaine,cmaclainekw@mac.com,Female,G6W
754,Cointon,Garret,cgarretkx@over-blog.com,Male,
755,Karl,Glison,kglisonky@pinterest.com,Male,
756,Bruno,Trunchion,btrunchionkz@zdnet.com,Male,399-0746
757,Eryn,Larive,elarivel0@ucoz.com,Female,KW10
758,Lorine,Deshon,ldeshonl1@salon.com,Female,357748
759,Ester,Wilkes,ewilkesl2@google.ru,Female,
760,Dalli,Jaray,djarayl3@nhs.uk,Male,8611
761,Bancroft,Jacklings,bjacklingsl4@ameblo.jp,Male,
762,Ediva,Vondrasek,evondrasekl5@shareasale.com,Female,17230-000
763,Lindy,Kohter,lkohterl6@phpbb.com,Female,65975-000
764,Mureil,Llorens,mllorensl7@ycombinator.com,Female,
765,Rhodie,Caizley,rcaizleyl8@reference.com,Female,
766,Donelle,Sabey,dsabeyl9@ca.gov,Female,35290
767,Danit,Cassy,dcassyla@a8.net,Female,
768,Barbee,Maypowder,bmaypowderlb@prlog.org,Female,300 10
769,Pablo,Petters,ppetterslc@jalbum.net,Male,4025
770,Dolly,Blondelle,dblondelleld@studiopress.com,Female,
771,Torrence,Gallop,tgallople@deviantart.com,Male,
772,Marianna,Klementz,mklementzlf@webnode.com,Female,2011
773,Issy,Crumbie,icrumbielg@linkedin.com,Female,73142
774,Wheeler,Oakley,woakleylh@homestead.com,Male,
775,Hoebart,Duchateau,hduchateauli@irs.gov,Male,
776,Ardella,Corre,acorrelj@whitehouse.gov,Female,69286 CEDEX 02
777,Tore,Dukes,tdukeslk@blinklist.com,Male,19300-000
778,Winnifred,Colebourne,wcolebournell@icio.us,Female,
779,Tilda,Masterson,tmastersonlm@fc2.com,Female,387 73
780,Ceil,Eassom,ceassomln@wordpress.org,Female,366605
781,Dav,Dressell,ddresselllo@patch.com,Male,
782,Mal,Sparway,msparwaylp@accuweather.com,Male,3505-125
783,Jordan,Vasyutochkin,jvasyutochkinlq@goo.gl,Male,
784,Angel,Ramsbottom,aramsbottomlr@exblog.jp,Female,798 45
785,Eamon,Donhardt,edonhardtls@ovh.net,Male,
786,Neils,Eveleigh,neveleighlt@marriott.com,Male,5291
787,Christiane,Hards,chardslu@webeden.co.uk,Female,30910 CEDEX 2
788,Izzy,Emmott,iemmottlv@pbs.org,Male,
789,Emlynne,Tillard,etillardlw@disqus.com,Female,85850-000
790,Silvester,Diable,sdiablelx@cbsnews.com,Male,
791,Abramo,Habble,ahabblely@sitemeter.com,Male,
792,Bambie,Woodard,bwoodardlz@ted.com,Female,3132
793,Pancho,Broadfoot,pbroadfootm0@sourceforge.net,Male,
794,Shanna,Delahunty,sdelahuntym1@facebook.com,Female,
795,Orv,Onyon,oonyonm2@businessweek.com,Male,
796,Aylmer,Hardan,ahardanm3@ask.com,Male,
797,Fletcher,Mityushin,fmityushinm4@weebly.com,Male,V5Y
798,Rodrique,Aries,rariesm5@plala.or.jp,Male,
799,Pavla,Reditt,predittm6@stanford.edu,Female,7214
800,Revkah,Norssister,rnorssisterm7@imgur.com,Female,391360
801,Michele,Hannay,mhannaym8@time.com,Female,
802,Rodney,Dacca,rdaccam9@reddit.com,Male,
803,Raquel,Robjohns,rrobjohnsma@cdc.gov,Female,410-0871
804,Alasteir,Wratten,awrattenmb@ft.com,Male,
805,Pooh,Rosenshine,prosenshinemc@aol.com,Female,
806,Matti,Woolward,mwoolwardmd@twitpic.com,Female,
807,Barnett,Cheshir,bcheshirme@desdev.cn,Male,4810-578
808,Onfre,Lockhead,olockheadmf@narod.ru,Male,612 80
809,Kelly,McGown,kmcgownmg@blogger.com,Male,31110
810,Cathrine,Agate,cagatemh@unesco.org,Female,59-230
811,Bondie,Chesney,bchesneymi@indiegogo.com,Male,92105
812,Eleonora,Chapelhow,echapelhowmj@harvard.edu,Female,
813,Nathanael,Bettison,nbettisonmk@cnn.com,Male,692715
814,Evaleen,Coton,ecotonml@redcross.org,Female,
815,Maisie,Gauche,mgauchemm@smugmug.com,Female,
816,Ediva,Kennaird,ekennairdmn@ft.com,Female,6109
817,Cheslie,Dullard,cdullardmo@multiply.com,Female,
818,Gael,Coldman,gcoldmanmp@archive.org,Female,37260-000
819,Eunice,Akerman,eakermanmq@vimeo.com,Female,802-0015
820,Jewell,Sunnucks,jsunnucksmr@addtoany.com,Female,1444
821,Janene,Madner,jmadnerms@yolasite.com,Female,
822,Glenn,Gunston,ggunstonmt@nifty.com,Male,38-315
823,Morly,Verity,mveritymu@narod.ru,Male,
824,Emogene,Ricciardi,ericciardimv@dedecms.com,Female,4221
825,Micheal,Bossons,mbossonsmw@boston.com,Male,431 10
826,Alethea,Brandolini,abrandolinimx@posterous.com,Female,
827,Lydon,Kyttor,lkyttormy@com.com,Male,92640
828,Amos,Darling,adarlingmz@sogou.com,Male,96610-000
829,Cherilynn,Osmar,cosmarn0@hp.com,Female,32-082
830,Dilly,Dugdale,ddugdalen1@microsoft.com,Male,29160-000
831,La verne,Rigge,lriggen2@indiegogo.com,Female,
832,Annalee,Crowest,acrowestn3@army.mil,Female,
833,Lotta,Kunat,lkunatn4@tinyurl.com,Female,
834,Jean,Dyble,jdyblen5@archive.org,Male,
835,Dorice,Stackbridge,dstackbridgen6@about.com,Female,75884 CEDEX 18
836,Larry,Setchell,lsetchelln7@cdbaby.com,Male,
837,Nissa,Fausset,nfaussetn8@java.com,Female,
838,Onfroi,Koubu,okoubun9@tiny.cc,Male,468 22
839,Shelton,Vossing,svossingna@msu.edu,Male,
840,Vernon,Cheek,vcheeknb@networkadvertising.org,Male,
841,Kristofer,Cudbird,kcudbirdnc@smh.com.au,Male,899-3221
842,Keefe,Titley,ktitleynd@apple.com,Male,
843,Antonius,Kloisner,akloisnerne@apple.com,Male,679130
844,Carlin,Jakubovitch,cjakubovitchnf@bing.com,Female,
845,Gustave,Blaise,gblaiseng@tiny.cc,Male,
846,Virgie,Deamer,vdeamernh@senate.gov,Male,92170
847,Teodor,Strickler,tstricklerni@posterous.com,Male,4805-196
848,Killy,Nussey,knusseynj@gnu.org,Male,5513
849,Alanna,Andrasch,aandraschnk@fotki.com,Female,165 60
850,Sharona,Kirkhouse,skirkhousenl@instagram.com,Female,6813
851,Pembroke,Grabham,pgrabhamnm@dedecms.com,Male,353831
852,Cristy,Fernandez,cfernandeznn@facebook.com,Female,3516
853,Jamison,Dibdale,jdibdaleno@acquirethisname.com,Male,692338
854,Shannan,Warke,swarkenp@naver.com,Male,
855,Shepperd,Gillow,sgillownq@tumblr.com,Male,
856,Rowen,Woofinden,rwoofindennr@flickr.com,Male,
857,Borg,Cometto,bcomettons@wired.com,Male,
858,Reese,Beevor,rbeevornt@wix.com,Male,
859,Vivia,Parrett,vparrettnu@cargocollective.com,Female,
860,Silva,Mallabon,smallabonnv@ed.gov,Female,431435
861,Bartie,Ramlot,bramlotnw@dyndns.org,Male,
862,Timofei,Manley,tmanleynx@altervista.org,Male,1430
863,Gris,Leman,glemanny@ted.com,Male,601671
864,Ellie,Spaducci,espaduccinz@washingtonpost.com,Female,17120-000
865,Tadio,Gogin,tgogino0@sciencedirect.com,Male,
866,Ignaz,Pocknell,ipocknello1@hexun.com,Male,
867,Maire,Piccard,mpiccardo2@delicious.com,Female,4910-302
868,Marketa,Mould,mmouldo3@nbcnews.com,Female,112 20
869,Hattie,Jamson,hjamsono4@nature.com,Female,361538
870,Marylynne,Gwyn,mgwyno5@stumbleupon.com,Female,
871,Reagen,Halm,rhalmo6@feedburner.com,Male,
872,Alyse,Whittleton,awhittletono7@unblog.fr,Female,45750
873,Lenore,Gilbank,lgilbanko8@buzzfeed.com,Female,
874,Lorelle,Goman,lgomano9@bravesites.com,Female,687 51
875,Elana,Hessle,ehessleoa@tripadvisor.com,Female,
876,Jeremie,Claremont,jclaremontob@home.pl,Male,3130-199
877,Rodi,Orht,rorhtoc@wordpress.org,Female,3261
878,Dolorita,Schnitter,dschnitterod@google.com.au,Female,07509 CEDEX
879,Leisha,Molian,lmolianoe@cisco.com,Female,5210-046
880,Edward,Crafter,ecrafterof@sitemeter.com,Male,186730
881,Moses,Rosendall,mrosendallog@lulu.com,Male,
882,Sayre,Erdes,serdesoh@ibm.com,Male,96230-000
883,Ancell,Maron,amaronoi@webs.com,Male,1040
884,Bucky,Gingold,bgingoldoj@cyberchimps.com,Male,403772
885,Melamie,Darcey,mdarceyok@infoseek.co.jp,Female,84280
886,Godiva,Schuler,gschulerol@amazon.com,Female,
887,Boniface,Blakden,bblakdenom@dailymotion.com,Male,3116
888,Abner,Fann,afannon@marketwatch.com,Male,787 01
889,Celestyn,Queste,cquesteoo@ocn.ne.jp,Female,601144
890,Jose,Weall,jweallop@lycos.com,Male,122 66
891,Flore,Lunn,flunnoq@msu.edu,Female,391237
892,Kahaleel,Duligal,kduligalor@buzzfeed.com,Male,9213
893,Matt,Mongin,mmonginos@flavors.me,Male,
894,Wilona,Bachshell,wbachshellot@mac.com,Female,2615-284
895,Mercy,Oherlihy,moherlihyou@arizona.edu,Female,
896,Court,Bollon,cbollonov@yahoo.co.jp,Male,43-220
897,Hilton,Entwisle,hentwisleow@icio.us,Male,
898,Valentijn,Cumine,vcumineox@mozilla.org,Male,4770-014
899,Paige,Suttie,psuttieoy@github.io,Male,45310
900,Harrietta,Bauduin,hbauduinoz@independent.co.uk,Female,
901,Cody,Foskew,cfoskewp0@cisco.com,Female,
902,Ranna,Rowan,rrowanp1@e-recht24.de,Female,30011 CEDEX 4
903,Elsworth,Wones,ewonesp2@noaa.gov,Male,
904,Jack,Drewery,jdreweryp3@umn.edu,Male,
905,Jennine,Harrowell,jharrowellp4@amazon.com,Female,
906,Haywood,Sea,hseap5@ucsd.edu,Male,
907,Floyd,Yeeles,fyeelesp6@vk.com,Male,
908,Diandra,Ruvel,druvelp7@marriott.com,Female,
909,Kermie,Cammocke,kcammockep8@twitter.com,Male,584 22
910,Bronny,Le Strange,blestrangep9@creativecommons.org,Male,
911,Worth,Ricciardiello,wricciardiellopa@ifeng.com,Male,44110
912,Benedikt,Burgh,bburghpb@rediff.com,Male,289-1343
913,Cly,Meeny,cmeenypc@miibeian.gov.cn,Male,98910-000
914,Crin,Brightling,cbrightlingpd@thetimes.co.uk,Female,34665
915,Wes,Velte,wveltepe@blog.com,Male,
916,Morton,Bryan,mbryanpf@freewebs.com,Male,356830
917,Magdalen,Bandt,mbandtpg@ifeng.com,Female,
918,Blancha,Branche,bbrancheph@eepurl.com,Female,
919,Mirna,McFfaden,mmcffadenpi@gnu.org,Female,
920,Abbey,Bogies,abogiespj@odnoklassniki.ru,Male,50120
921,Oliy,Kubista,okubistapk@youtu.be,Female,
922,Ad,McKernan,amckernanpl@gnu.org,Male,34080
923,Ly,Georgescu,lgeorgescupm@simplemachines.org,Male,17801
924,Joete,Schmuhl,jschmuhlpn@zimbio.com,Female,754-0894
925,Judith,Brouncker,jbrounckerpo@msu.edu,Female,88790-000
926,Kinnie,Buttwell,kbuttwellpp@cisco.com,Male,
927,Ailee,Paskins,apaskinspq@paginegialle.it,Female,309615
928,Baldwin,De Bell,bdebellpr@merriam-webster.com,Male,132018
929,Mervin,Hauger,mhaugerps@hubpages.com,Male,11860 CEDEX 9
930,Orelie,Woodrow,owoodrowpt@wsj.com,Female,737 47
931,Ellynn,Purple,epurplepu@liveinternet.ru,Female,
932,Michele,Salzburger,msalzburgerpv@tinypic.com,Female,683 33
933,Alvina,Childes,achildespw@mediafire.com,Female,
934,Lucian,Skae,lskaepx@bandcamp.com,Male,1105
935,Alonzo,Kenset,akensetpy@virginia.edu,Male,
936,Laney,Prestland,lprestlandpz@newyorker.com,Female,4650-304
937,Constancia,Cicculini,ccicculiniq0@ezinearticles.com,Female,
938,Jobye,Truett,jtruettq1@weibo.com,Female,
939,Oliviero,Freshwater,ofreshwaterq2@bbb.org,Male,8601
940,Bailie,Blankhorn,bblankhornq3@netscape.com,Male,
941,Claudell,Redon,credonq4@ustream.tv,Male,471 29
942,Shay,Sarten,ssartenq5@europa.eu,Male,19-420
943,Wyatt,Vince,wvinceq6@webmd.com,Male,33023
944,Aymer,Martschik,amartschikq7@ocn.ne.jp,Male,356403
945,Yehudit,Christopherson,ychristophersonq8@posterous.com,Male,98400-000
946,Catina,Mantram,cmantramq9@last.fm,Female,8708
947,Sisely,Penbarthy,spenbarthyqa@nps.gov,Female,
948,Silas,Dawidowitz,sdawidowitzqb@blogtalkradio.com,Male,
949,Roxane,Brickdale,rbrickdaleqc@php.net,Female,
950,Reine,Alishoner,ralishonerqd@weather.com,Female,4990-540
951,Ulrika,Crouse,ucrouseqe@economist.com,Female,
952,Aubrie,O' Connell,aoconnellqf@liveinternet.ru,Female,852 36
953,Marin,McBrearty,mmcbreartyqg@usgs.gov,Female,41976 CEDEX 9
954,Chico,Iremonger,ciremongerqh@upenn.edu,Male,252837
955,Brook,Wyse,bwyseqi@sogou.com,Male,
956,Stormy,Bayston,sbaystonqj@webeden.co.uk,Female,
957,Harcourt,Paula,hpaulaqk@virginia.edu,Male,
958,Alwin,Windram,awindramql@nationalgeographic.com,Male,6604
959,Doris,Clench,dclenchqm@sphinn.com,Female,
960,Maynord,Leversuch,mleversuchqn@who.int,Male,5401
961,Una,Buckwell,ubuckwellqo@stumbleupon.com,Female,
962,Rosalynd,Gogie,rgogieqp@wikia.com,Female,
963,Yvor,Rivitt,yrivittqq@aboutads.info,Male,
964,Theodoric,Davidove,tdavidoveqr@hao123.com,Male,6406
965,Keefer,Fache,kfacheqs@photobucket.com,Male,701-0301
966,Elias,Kolushev,ekolushevqt@zimbio.com,Male,
967,Jodie,Blay,jblayqu@github.com,Female,
968,Murray,Fanti,mfantiqv@epa.gov,Male,
969,Frasier,Derr,fderrqw@amazon.co.uk,Male,4760-411
970,Dan,Pumfrey,dpumfreyqx@mit.edu,Male,
971,Marieann,Schlagtmans,mschlagtmansqy@businessweek.com,Female,
972,Cristine,Fernehough,cfernehoughqz@t.co,Female,45071
973,Ford,Goodlake,fgoodlaker0@nhs.uk,Male,
974,Dene,Antliff,dantliffr1@ucsd.edu,Male,16904 CEDEX 9
975,Carlos,Furman,cfurmanr2@miibeian.gov.cn,Male,539 55
976,Gwenneth,Markos,gmarkosr3@nbcnews.com,Female,R8A
977,Tandy,Maddy,tmaddyr4@dmoz.org,Female,
978,Vivian,Gert,vgertr5@moonfruit.com,Female,
979,Bernardine,McClenaghan,bmcclenaghanr6@wunderground.com,Female,11604
980,Brenda,Critcher,bcritcherr7@google.cn,Female,63-005
981,Lazaro,Perelli,lperellir8@illinois.edu,Male,1809
982,Felix,Forestel,fforestelr9@smugmug.com,Male,
983,Rube,Pedroli,rpedrolira@google.es,Male,
984,Morten,Edmand,medmandrb@hc360.com,Male,5009
985,Nicol,Draijer,ndraijerrc@paginegialle.it,Male,
986,Maurice,O'Tuohy,motuohyrd@wsj.com,Male,24-150
987,Lotty,Camings,lcamingsre@hubpages.com,Female,46140
988,Honor,Keld,hkeldrf@stumbleupon.com,Female,26834
989,Elias,Washbrook,ewashbrookrg@loc.gov,Male,134548
990,Jared,Imort,jimortrh@dyndns.org,Male,
991,Jerald,Dobney,jdobneyri@rediff.com,Male,347674
992,Renie,Maddra,rmaddrarj@harvard.edu,Female,79021 CEDEX
993,Forrest,Pashan,fpashanrk@cdc.gov,Male,
994,Zeb,Fredson,zfredsonrl@nps.gov,Male,17-123
995,Marcos,Nurden,mnurdenrm@mediafire.com,Male,699-2211
996,Lavinia,Pesticcio,lpesticciorn@biblegateway.com,Female,9265
997,Antone,Laingmaid,alaingmaidro@yelp.com,Male,682482
998,Doralynne,Berfoot,dberfootrp@amazon.com,Female,
999,Benito,Gresswell,bgresswellrq@photobucket.com,Male,
1000,Rodd,Lilloe,rlilloerr@vimeo.com,Male,
